[
    {  
        "pk": 101,
        "model": "auth.user",
        "fields": {
            "username": "tsaylor",
            "first_name": "Tim",
            "last_name": "Saylor",
            "is_active": true,
            "is_superuser": true,
            "is_staff": true,
            "last_login": "2011-10-02 13:13:35",
            "groups": [],
            "user_permissions": [],
            "password": "sha1$cad12$ee29fbc0ea1b2d819552a3bad1e3a2f88848c24f",
            "email": "tim.saylor@gmail.com",
            "date_joined": "2011-10-02 13:07:56"
        }
    },
    {  
        "pk": 102,
        "model": "auth.user",
        "fields": {
            "username": "james",
            "first_name": "James",
            "last_name": "Carlson",
            "is_active": true,
            "is_superuser": false,
            "is_staff": false,
            "last_login": "2011-10-02 13:16:51",
            "groups": [],
            "user_permissions": [],
            "password": "sha1$6e6b0$2365f28059e98bccf3a83a636f962eec1fa0c759",
            "email": "j@bucketworks.com",
            "date_joined": "2011-10-02 13:16:51"
        }
    },
    {
        "pk": 1,
        "model": "general.organization",
        "fields": {
            "city": "Chicago",
            "name": "Pumping Station: One",
            "url": "http://www.pumpingstationone.org/",
            "admin": 1,
            "state": "IL",
            "addr2": "",
            "members": [
                1
            ],
            "addr1": "3354 N. Elston Ave.",
            "postal_code": "60618",
            "resources": [
                1,
                2,
                3,
                4,
                5,
                6,
                7,
                8,
                9,
                10,
                11,
                12,
                13,
                14,
                15,
                16,
                18,
                19,
                21,
                22,
                23,
                24,
                25,
                26,
                27,
                28,
                31
            ],
            "description": "Chicago's hackerspace."
        }
    },
    {
        "pk": 2,
        "model": "general.organization",
        "fields": {
            "city": "Milwaukee",
            "name": "Bucketworks",
            "url": "",
            "admin": 2,
            "state": "WI",
            "addr2": "",
            "members": [
                2
            ],
            "addr1": "",
            "postal_code": "",
            "resources": [
                2
            ],
            "description": "Home of the school factory"
        }
    },
    {
        "pk": 1,
        "model": "general.resource",
        "fields": {
            "name": "Drill Press"
        }
    },
    {
        "pk": 2,
        "model": "general.resource",
        "fields": {
            "name": "Table Saw"
        }
    },
    {
        "pk": 3,
        "model": "general.resource",
        "fields": {
            "name": "Oscilloscope"
        }
    },
    {
        "pk": 4,
        "model": "general.resource",
        "fields": {
            "name": "Laser Cutter"
        }
    },
    {
        "pk": 5,
        "model": "general.resource",
        "fields": {
            "name": "Serger sewing machine"
        }
    },
    {
        "pk": 6,
        "model": "general.resource",
        "fields": {
            "name": "standard sewing machine"
        }
    },
    {
        "pk": 7,
        "model": "general.resource",
        "fields": {
            "name": "dremel"
        }
    },
    {
        "pk": 8,
        "model": "general.resource",
        "fields": {
            "name": "3d printer (extruded plastic)"
        }
    },
    {
        "pk": 9,
        "model": "general.resource",
        "fields": {
            "name": "Loom"
        }
    },
    {
        "pk": 10,
        "model": "general.resource",
        "fields": {
            "name": "server rack"
        }
    },
    {
        "pk": 11,
        "model": "general.resource",
        "fields": {
            "name": "welder"
        }
    },
    {
        "pk": 12,
        "model": "general.resource",
        "fields": {
            "name": "angle grinder"
        }
    },
    {
        "pk": 13,
        "model": "general.resource",
        "fields": {
            "name": "router"
        }
    },
    {
        "pk": 14,
        "model": "general.resource",
        "fields": {
            "name": "mill"
        }
    },
    {
        "pk": 15,
        "model": "general.resource",
        "fields": {
            "name": "lathe"
        }
    },
    {
        "pk": 16,
        "model": "general.resource",
        "fields": {
            "name": "screen printing machine"
        }
    },
    {
        "pk": 17,
        "model": "general.resource",
        "fields": {
            "name": "laminator"
        }
    },
    {
        "pk": 18,
        "model": "general.resource",
        "fields": {
            "name": "bandsaw"
        }
    },
    {
        "pk": 19,
        "model": "general.resource",
        "fields": {
            "name": "miter saw"
        }
    },
    {
        "pk": 20,
        "model": "general.resource",
        "fields": {
            "name": "foundry"
        }
    },
    {
        "pk": 21,
        "model": "general.resource",
        "fields": {
            "name": "forge"
        }
    },
    {
        "pk": 22,
        "model": "general.resource",
        "fields": {
            "name": "vinyl cutter"
        }
    },
    {
        "pk": 23,
        "model": "general.resource",
        "fields": {
            "name": "multi meter"
        }
    },
    {
        "pk": 24,
        "model": "general.resource",
        "fields": {
            "name": "power supply"
        }
    },
    {
        "pk": 25,
        "model": "general.resource",
        "fields": {
            "name": "function generator"
        }
    },
    {
        "pk": 26,
        "model": "general.resource",
        "fields": {
            "name": "LCR meter"
        }
    },
    {
        "pk": 27,
        "model": "general.resource",
        "fields": {
            "name": "current clamp"
        }
    },
    {
        "pk": 28,
        "model": "general.resource",
        "fields": {
            "name": "hot air pencil"
        }
    },
    {
        "pk": 29,
        "model": "general.resource",
        "fields": {
            "name": "reflow oven"
        }
    },
    {
        "pk": 30,
        "model": "general.resource",
        "fields": {
            "name": "pipe bender"
        }
    },
    {
        "pk": 31,
        "model": "general.resource",
        "fields": {
            "name": "projector"
        }
    },
    {
        "pk": 32,
        "model": "general.resource",
        "fields": {
            "name": "sheet metal brake"
        }
    },
    {
        "pk": 33,
        "model": "general.resource",
        "fields": {
            "name": "english wheel"
        }
    },
    {
        "pk": 34,
        "model": "general.resource",
        "fields": {
            "name": "jointer"
        }
    },
    {
        "pk": 35,
        "model": "general.resource",
        "fields": {
            "name": "cnc router"
        }
    },
    {
        "pk": 36,
        "model": "general.resource",
        "fields": {
            "name": "mortising machine"
        }
    },
    {
        "pk": 37,
        "model": "general.resource",
        "fields": {
            "name": "down-draft table"
        }
    },
    {
        "pk": 38,
        "model": "general.resource",
        "fields": {
            "name": "vaccu-form machine"
        }
    },
    {
        "pk": 39,
        "model": "general.resource",
        "fields": {
            "name": "padded patterning table"
        }
    },
    {
        "pk": 40,
        "model": "general.resource",
        "fields": {
            "name": "cnc embroidery machine"
        }
    },
    {
        "pk": 1,
        "model": "general.skill",
        "fields": {
            "title": "Soldering"
        }
    },
    {
        "pk": 2,
        "model": "general.skill",
        "fields": {
            "title": "Welding"
        }
    },
    {
        "pk": 3,
        "model": "general.skill",
        "fields": {
            "title": "Sewing"
        }
    },
    {
        "pk": 4,
        "model": "general.skill",
        "fields": {
            "title": "Wood Working"
        }
    },
    {
        "pk": 5,
        "model": "general.skill",
        "fields": {
            "title": "Circuit Hacking"
        }
    },
    {
        "pk": 6,
        "model": "general.skill",
        "fields": {
            "title": "Computer Hacking"
        }
    }
]
